keyword,search_volume,difficulty,target_page
pressure washing Midlothian TX,high,low,/service-areas/midlothian-tx
house washing Midlothian TX,medium,low,/service-areas/midlothian-tx
roof cleaning Midlothian TX,medium,low,/service-areas/midlothian-tx
pressure washing Waxahachie TX,high,low,/service-areas/waxahachie-tx
house washing Waxahachie TX,medium,low,/service-areas/waxahachie-tx
roof cleaning Waxahachie TX,medium,low,/service-areas/waxahachie-tx
pressure washing Cedar Hill TX,high,low,/service-areas/cedar-hill-tx
house washing Cedar Hill TX,medium,low,/service-areas/cedar-hill-tx
roof cleaning Cedar Hill TX,medium,low,/service-areas/cedar-hill-tx
pressure washing Mansfield TX,high,medium,/service-areas/mansfield-tx
house washing Mansfield TX,medium,low,/service-areas/mansfield-tx
roof cleaning Mansfield TX,medium,low,/service-areas/mansfield-tx
pressure washing Dallas TX,very_high,high,/service-areas/dallas-tx
pressure washing Fort Worth TX,very_high,high,/service-areas/fort-worth-tx
pressure washing Arlington TX,high,medium,/service-areas/arlington-tx
driveway cleaning Midlothian TX,low,low,/service-areas/midlothian-tx
concrete cleaning Midlothian TX,low,low,/service-areas/midlothian-tx
commercial pressure washing DFW,medium,medium,/services/commercial-pressure-washing
soft wash house washing,medium,low,/services/house-washing
roof cleaning DFW,medium,medium,/services/roof-cleaning
pressure washing near me,very_high,high,/
DFW pressure washing,high,medium,/
best pressure washing DFW,medium,medium,/
professional pressure washing Midlothian,medium,low,/service-areas/midlothian-tx
exterior house cleaning DFW,low,low,/services/house-washing
window cleaning DFW,high,medium,/services/window-cleaning
commercial building washing,low,low,/services/commercial-pressure-washing
soft wash vs pressure wash,low,low,/services/house-washing
how to remove algae from roof,medium,low,/services/roof-cleaning
oil stain removal driveway,low,low,/services/driveway-concrete-cleaning
pressure washing Red Oak TX,low,low,/service-areas/red-oak-tx
pressure washing Ovilla TX,low,low,/service-areas/ovilla-tx
pressure washing Grand Prairie TX,high,medium,/service-areas/grand-prairie-tx
pressure washing Irving TX,high,medium,/service-areas/irving-tx
pressure washing DeSoto TX,medium,low,/service-areas/desoto-tx
pressure washing Burleson TX,medium,low,/service-areas/burleson-tx
pressure washing Ennis TX,low,low,/service-areas/ennis-tx
pressure washing Venus TX,low,low,/service-areas/venus-tx
